{
    "192.168.1.2": {
        "count": 3,
        "window_start": 1778016193.8575196,
        "last_requests": [
            1778016193.8746147,
            1778016193.91313,
            1778016193.9388313,
            1778016193.9645019,
            1778016195.4563346,
            1778016195.495533
        ]
    },
    "10.82.218.1": {
        "count": 1,
        "window_start": 1778086837.8096404,
        "last_requests": [
            1778086837.8098924
        ]
    }
}